{"format": "layers-model", "generatedBy": "keras v2.10.0", "convertedBy": "TensorFlow.js Converter v4.2.0", "modelTopology": {"keras_version": "2.10.0", "backend": "tensorflow", "model_config": {"class_name": "Functional", "config": {"name": "model", "layers": [{"class_name": "InputLayer", "config": {"batch_input_shape": [null, 23, 174], "dtype": "float32", "sparse": false, "ragged": false, "name": "input_1"}, "name": "input_1", "inbound_nodes": []}, {"class_name": "LSTM", "config": {"name": "lstm_1", "trainable": true, "dtype": "float32", "return_sequences": false, "return_state": true, "go_backwards": false, "stateful": false, "unroll": false, "time_major": false, "units": 128, "activation": "relu", "recurrent_activation": "sigmoid", "use_bias": true, "kernel_initializer": {"class_name": "GlorotUniform", "config": {"seed": null}, "shared_object_id": 1}, "recurrent_initializer": {"class_name": "Orthogonal", "config": {"gain": 1.0, "seed": null}, "shared_object_id": 2}, "bias_initializer": {"class_name": "Zeros", "config": {}, "shared_object_id": 3}, "unit_forget_bias": true, "kernel_regularizer": null, "recurrent_regularizer": null, "bias_regularizer": null, "activity_regularizer": null, "kernel_constraint": null, "recurrent_constraint": null, "bias_constraint": null, "dropout": 0.0, "recurrent_dropout": 0.0, "implementation": 2}, "name": "lstm_1", "inbound_nodes": [[["input_1", 0, 0, {}]]]}, {"class_name": "Dropout", "config": {"name": "dropout_2", "trainable": true, "dtype": "float32", "rate": 0.5, "noise_shape": null, "seed": null}, "name": "dropout_2", "inbound_nodes": [[["lstm_1", 0, 0, {}]]]}, {"class_name": "Concatenate", "config": {"name": "concatenate", "trainable": true, "dtype": "float32", "axis": -1}, "name": "concatenate", "inbound_nodes": [[["dropout_2", 0, 0, {}], ["lstm_1", 0, 1, {}], ["lstm_1", 0, 2, {}]]]}, {"class_name": "Dense", "config": {"name": "dense_2", "trainable": true, "dtype": "float32", "units": 256, "activation": "relu", "use_bias": true, "kernel_initializer": {"class_name": "GlorotUniform", "config": {"seed": null}}, "bias_initializer": {"class_name": "Zeros", "config": {}}, "kernel_regularizer": null, "bias_regularizer": null, "activity_regularizer": null, "kernel_constraint": null, "bias_constraint": null}, "name": "dense_2", "inbound_nodes": [[["concatenate", 0, 0, {}]]]}, {"class_name": "Dropout", "config": {"name": "dropout_3", "trainable": true, "dtype": "float32", "rate": 0.5, "noise_shape": null, "seed": null}, "name": "dropout_3", "inbound_nodes": [[["dense_2", 0, 0, {}]]]}, {"class_name": "Dense", "config": {"name": "output", "trainable": true, "dtype": "float32", "units": 50, "activation": "softmax", "use_bias": true, "kernel_initializer": {"class_name": "GlorotUniform", "config": {"seed": null}}, "bias_initializer": {"class_name": "Zeros", "config": {}}, "kernel_regularizer": null, "bias_regularizer": null, "activity_regularizer": null, "kernel_constraint": null, "bias_constraint": null}, "name": "output", "inbound_nodes": [[["dropout_3", 0, 0, {}]]]}], "input_layers": [["input_1", 0, 0]], "output_layers": [["output", 0, 0]]}}, "training_config": {"loss": "categorical_crossentropy", "metrics": [[{"class_name": "MeanMetricWrapper", "config": {"name": "categorical_accuracy", "dtype": "float32", "fn": "categorical_accuracy"}}]], "weighted_metrics": null, "loss_weights": null, "optimizer_config": {"class_name": "Adam", "config": {"name": "Adam", "learning_rate": 0.0010000000474974513, "decay": 0.0, "beta_1": 0.8999999761581421, "beta_2": 0.9990000128746033, "epsilon": 1e-07, "amsgrad": false}}}}, "weightsManifest": [{"paths": ["group1-shard1of1.bin"], "weights": [{"name": "dense_2/kernel", "shape": [384, 256], "dtype": "float32"}, {"name": "dense_2/bias", "shape": [256], "dtype": "float32"}, {"name": "lstm_1/lstm_cell_4/kernel", "shape": [174, 512], "dtype": "float32"}, {"name": "lstm_1/lstm_cell_4/recurrent_kernel", "shape": [128, 512], "dtype": "float32"}, {"name": "lstm_1/lstm_cell_4/bias", "shape": [512], "dtype": "float32"}, {"name": "output/kernel", "shape": [256, 50], "dtype": "float32"}, {"name": "output/bias", "shape": [50], "dtype": "float32"}]}]}